<?xml version = '1.0' encoding = 'UTF-8'?>
<Table class="oracle.dbtools.crest.model.design.relational.Table" directorySegmentName="seg_0" id="00D5CAC4-64FE-AA78-B340-EC3351EC8324" name="Membre">
<createdBy>zayrazz</createdBy>
<createdTime>2023-05-20 21:30:57 UTC</createdTime>
<generatorID>52DA6FFC-3954-EBA3-0EB4-B1C9B579821D</generatorID>
<ownerDesignName>dataModeler</ownerDesignName>
<allowColumnReorder>false</allowColumnReorder>
<existDependencyGenerateInDDl>true</existDependencyGenerateInDDl>
<parsed>true</parsed>
<columns itemClass="oracle.dbtools.crest.model.design.relational.Column">
<Column name="id_membre" id="46C7836A-6A4C-E2B4-10A6-C8D66EDA0810">
<createdBy>zayrazz</createdBy>
<createdTime>2023-05-20 21:30:57 UTC</createdTime>
<generatorID>5CE14459-3EF0-C5B2-4C14-5705D6B4CDE5</generatorID>
<ownerDesignName>dataModeler</ownerDesignName>
<useDomainConstraints>false</useDomainConstraints>
<use>1</use>
<logicalDatatype>LOGDT019</logicalDatatype>
<ownDataTypeParameters>,,</ownDataTypeParameters>
<autoIncrementCycle>false</autoIncrementCycle>
</Column>
<Column name="email" id="C912B27B-498E-A5E1-56FC-BA48278652AE">
<createdBy>zayrazz</createdBy>
<createdTime>2023-05-20 21:30:57 UTC</createdTime>
<generatorID>295F6FF4-D4D0-5E7E-8E25-97FD55BACA69</generatorID>
<ownerDesignName>dataModeler</ownerDesignName>
<useDomainConstraints>false</useDomainConstraints>
<use>1</use>
<logicalDatatype>LOGDT024</logicalDatatype>
<dataTypeSize>256</dataTypeSize>
<ownDataTypeParameters>256,,</ownDataTypeParameters>
<autoIncrementCycle>false</autoIncrementCycle>
</Column>
<Column name="pseudo" id="F122A33E-6618-E438-F3E3-F6E7B5E10516">
<createdBy>zayrazz</createdBy>
<createdTime>2023-05-20 21:30:57 UTC</createdTime>
<generatorID>8256A60A-F198-ABF4-6984-14EFF89F5317</generatorID>
<ownerDesignName>dataModeler</ownerDesignName>
<useDomainConstraints>false</useDomainConstraints>
<use>1</use>
<logicalDatatype>LOGDT024</logicalDatatype>
<dataTypeSize>100</dataTypeSize>
<ownDataTypeParameters>100,,</ownDataTypeParameters>
<autoIncrementCycle>false</autoIncrementCycle>
</Column>
<Column name="pointage" id="BB09AB83-8905-DBAE-5D0E-5C5AB7282730">
<createdBy>zayrazz</createdBy>
<createdTime>2023-05-20 21:30:57 UTC</createdTime>
<generatorID>F359CC8D-C34E-D055-C206-49BAD85042DD</generatorID>
<ownerDesignName>dataModeler</ownerDesignName>
<nullsAllowed>true</nullsAllowed>
<useDomainConstraints>false</useDomainConstraints>
<use>1</use>
<logicalDatatype>LOGDT011</logicalDatatype>
<ownDataTypeParameters>,,</ownDataTypeParameters>
<autoIncrementCycle>false</autoIncrementCycle>
</Column>
<Column name="Club_id_club" id="5FCB6F2A-A233-8DF8-E1E6-BFEA38D4938D">
<createdBy>zayrazz</createdBy>
<createdTime>2023-05-20 21:30:57 UTC</createdTime>
<generatorID>991BE3E4-150D-D317-D50D-04A9E83121C3</generatorID>
<ownerDesignName>dataModeler</ownerDesignName>
<nullsAllowed>true</nullsAllowed>
<useDomainConstraints>false</useDomainConstraints>
<use>1</use>
<logicalDatatype>LOGDT019</logicalDatatype>
<ownDataTypeParameters>,,</ownDataTypeParameters>
<previousColumn>false</previousColumn>
<autoIncrementCycle>false</autoIncrementCycle>
<associations>
<colAssociation fkAssociation="F5B3C577-6BFC-A7A4-49B6-F9CEBC2BF2E3" referredColumn="105B1BE7-295F-7C5E-9D8B-AED64E75F579"/>
</associations>
</Column>
</columns>
<indexes itemClass="oracle.dbtools.crest.model.design.relational.Index">
<ind_PK_UK id="97B30077-5A60-CD62-FC84-BF33D014FC16" name="Membre_PK">
<createdBy>zayrazz</createdBy>
<createdTime>2023-05-20 21:30:57 UTC</createdTime>
<generatorID>E1B82EFF-0447-30FB-2510-666996D9B71B</generatorID>
<ownerDesignName>dataModeler</ownerDesignName>
<pk>true</pk>
<indexState>Primary Constraint</indexState>
<isSurrogateKey>false</isSurrogateKey>
<indexColumnUsage>
<colUsage columnID="46C7836A-6A4C-E2B4-10A6-C8D66EDA0810"/>
</indexColumnUsage>
</ind_PK_UK>
<ind_PK_UK id="50D0DACE-2AB6-3189-3B7C-C159E1BA995C" name="Membre_Club_FK">
<createdBy>zayrazz</createdBy>
<createdTime>2023-05-20 21:30:57 UTC</createdTime>
<generatorID>D4D8DC31-2816-9538-F236-576D21FA8EFA</generatorID>
<ownerDesignName>dataModeler</ownerDesignName>
<indexState>Foreign Key</indexState>
<isSurrogateKey>false</isSurrogateKey>
<indexColumnUsage>
<colUsage columnID="5FCB6F2A-A233-8DF8-E1E6-BFEA38D4938D"/>
</indexColumnUsage>
</ind_PK_UK>
</indexes>
</Table>