<?xml version = '1.0' encoding = 'UTF-8'?>
<Table class="oracle.dbtools.crest.model.design.relational.Table" directorySegmentName="seg_0" id="2D22D0ED-BC15-BE3C-6B7E-C2AC0F1F8855" name="Club">
<createdBy>zayrazz</createdBy>
<createdTime>2023-05-20 21:30:57 UTC</createdTime>
<generatorID>C9763EC4-7A4B-9044-4902-DEFE41F5BB81</generatorID>
<ownerDesignName>dataModeler</ownerDesignName>
<allowColumnReorder>false</allowColumnReorder>
<existDependencyGenerateInDDl>true</existDependencyGenerateInDDl>
<parsed>true</parsed>
<columns itemClass="oracle.dbtools.crest.model.design.relational.Column">
<Column name="id_club" id="105B1BE7-295F-7C5E-9D8B-AED64E75F579">
<createdBy>zayrazz</createdBy>
<createdTime>2023-05-20 21:30:57 UTC</createdTime>
<generatorID>BC8C85C1-5687-D779-C3D9-F0B28E51927F</generatorID>
<ownerDesignName>dataModeler</ownerDesignName>
<useDomainConstraints>false</useDomainConstraints>
<use>1</use>
<logicalDatatype>LOGDT019</logicalDatatype>
<ownDataTypeParameters>,,</ownDataTypeParameters>
<autoIncrementCycle>false</autoIncrementCycle>
</Column>
<Column name="nom" id="034E2AE7-F1BE-99D9-B08D-95DC6E016225">
<createdBy>zayrazz</createdBy>
<createdTime>2023-05-20 21:30:57 UTC</createdTime>
<generatorID>24E6DFF0-54A9-5C85-B94E-6DCCC20233EA</generatorID>
<ownerDesignName>dataModeler</ownerDesignName>
<useDomainConstraints>false</useDomainConstraints>
<use>1</use>
<logicalDatatype>LOGDT024</logicalDatatype>
<dataTypeSize>100</dataTypeSize>
<ownDataTypeParameters>100,,</ownDataTypeParameters>
<autoIncrementCycle>false</autoIncrementCycle>
</Column>
<Column name="proprietaire" id="6FB8288C-EC01-9B31-C4C8-9539364A1063">
<createdBy>zayrazz</createdBy>
<createdTime>2023-05-20 21:30:57 UTC</createdTime>
<generatorID>885F1884-82F9-5801-A284-5FEFCCA09351</generatorID>
<ownerDesignName>dataModeler</ownerDesignName>
<useDomainConstraints>false</useDomainConstraints>
<use>1</use>
<logicalDatatype>LOGDT024</logicalDatatype>
<dataTypeSize>100</dataTypeSize>
<ownDataTypeParameters>100,,</ownDataTypeParameters>
<autoIncrementCycle>false</autoIncrementCycle>
</Column>
<Column name="Tournoi_id_tournoi" id="189332B3-070F-FB75-6354-6A3DCA5422FD">
<createdBy>zayrazz</createdBy>
<createdTime>2023-05-20 21:30:57 UTC</createdTime>
<generatorID>E4D1B845-5DEA-FE61-6836-2663205D834B</generatorID>
<ownerDesignName>dataModeler</ownerDesignName>
<nullsAllowed>true</nullsAllowed>
<useDomainConstraints>false</useDomainConstraints>
<use>1</use>
<logicalDatatype>LOGDT019</logicalDatatype>
<ownDataTypeParameters>,,</ownDataTypeParameters>
<previousColumn>false</previousColumn>
<autoIncrementCycle>false</autoIncrementCycle>
<associations>
<colAssociation fkAssociation="A08B6BBC-F3EE-7684-F688-75AB4EAAF194" referredColumn="BA8D6B24-34BC-0219-BD37-16F1574BA734"/>
</associations>
</Column>
</columns>
<indexes itemClass="oracle.dbtools.crest.model.design.relational.Index">
<ind_PK_UK id="190EDEE6-F0EF-6A73-B774-7AD38A29EA61" name="Club_PK">
<createdBy>zayrazz</createdBy>
<createdTime>2023-05-20 21:30:57 UTC</createdTime>
<generatorID>DD138BB9-D966-BC9E-66A7-9B9FB6A33FBB</generatorID>
<ownerDesignName>dataModeler</ownerDesignName>
<pk>true</pk>
<indexState>Primary Constraint</indexState>
<isSurrogateKey>false</isSurrogateKey>
<indexColumnUsage>
<colUsage columnID="105B1BE7-295F-7C5E-9D8B-AED64E75F579"/>
</indexColumnUsage>
</ind_PK_UK>
<ind_PK_UK id="DAE96001-8CF6-9EC8-88D9-AF88526CBBBF" name="Club_Tournoi_FK">
<createdBy>zayrazz</createdBy>
<createdTime>2023-05-20 21:30:57 UTC</createdTime>
<generatorID>D6EBF48E-D09D-A4BF-7DFF-16310372F204</generatorID>
<ownerDesignName>dataModeler</ownerDesignName>
<indexState>Foreign Key</indexState>
<isSurrogateKey>false</isSurrogateKey>
<indexColumnUsage>
<colUsage columnID="189332B3-070F-FB75-6354-6A3DCA5422FD"/>
</indexColumnUsage>
</ind_PK_UK>
</indexes>
</Table>