<?xml version = '1.0' encoding = 'UTF-8'?>
<Table class="oracle.dbtools.crest.model.design.relational.Table" directorySegmentName="seg_0" id="92A8416E-9DAC-B3CA-53E4-4C878E7CFB95" name="membre_cours">
<createdBy>zayrazz</createdBy>
<createdTime>2023-05-20 21:30:57 UTC</createdTime>
<ownerDesignName>dataModeler</ownerDesignName>
<allowColumnReorder>false</allowColumnReorder>
<existDependencyGenerateInDDl>true</existDependencyGenerateInDDl>
<parsed>true</parsed>
<columns itemClass="oracle.dbtools.crest.model.design.relational.Column">
<Column name="Membre_id_membre" id="C317B560-9966-D51D-BDCD-88AB26CAFC35">
<createdBy>zayrazz</createdBy>
<createdTime>2023-05-20 21:30:57 UTC</createdTime>
<ownerDesignName>dataModeler</ownerDesignName>
<useDomainConstraints>false</useDomainConstraints>
<use>1</use>
<logicalDatatype>LOGDT019</logicalDatatype>
<ownDataTypeParameters>,,</ownDataTypeParameters>
<previousColumn>false</previousColumn>
<autoIncrementCycle>false</autoIncrementCycle>
<associations>
<colAssociation fkAssociation="31F59475-6D51-5855-3B39-EF4741F74799" referredColumn="46C7836A-6A4C-E2B4-10A6-C8D66EDA0810"/>
</associations>
</Column>
<Column name="Cours_id_cours" id="C1918A44-D4A3-EE78-3AA9-D4350A7F403B">
<createdBy>zayrazz</createdBy>
<createdTime>2023-05-20 21:30:57 UTC</createdTime>
<ownerDesignName>dataModeler</ownerDesignName>
<useDomainConstraints>false</useDomainConstraints>
<use>1</use>
<logicalDatatype>LOGDT019</logicalDatatype>
<ownDataTypeParameters>,,</ownDataTypeParameters>
<previousColumn>false</previousColumn>
<autoIncrementCycle>false</autoIncrementCycle>
<associations>
<colAssociation fkAssociation="1E4F12CE-72DA-F025-DB38-1D47FB284D02" referredColumn="0685B129-4BC1-B578-ACBE-A597EEC8D3AE"/>
</associations>
</Column>
</columns>
<indexes itemClass="oracle.dbtools.crest.model.design.relational.Index">
<ind_PK_UK id="683338DE-28F4-2BEA-5E64-184F2619CF04" name="membre_cours_PK">
<createdBy>zayrazz</createdBy>
<createdTime>2023-05-20 21:30:57 UTC</createdTime>
<ownerDesignName>dataModeler</ownerDesignName>
<pk>true</pk>
<indexState>Primary Constraint</indexState>
<isSurrogateKey>false</isSurrogateKey>
<indexColumnUsage>
<colUsage columnID="C317B560-9966-D51D-BDCD-88AB26CAFC35"/>
<colUsage columnID="C1918A44-D4A3-EE78-3AA9-D4350A7F403B"/>
</indexColumnUsage>
</ind_PK_UK>
<ind_PK_UK id="7A189A4B-CDA9-0F1D-EABA-7BA59C0B6677" name="membre_cours_Membre_FK">
<createdBy>zayrazz</createdBy>
<createdTime>2023-05-20 21:30:57 UTC</createdTime>
<generatorID>A2D5594A-AE98-EF25-2224-183AC9E21DAD</generatorID>
<ownerDesignName>dataModeler</ownerDesignName>
<indexState>Foreign Key</indexState>
<isSurrogateKey>false</isSurrogateKey>
<indexColumnUsage>
<colUsage columnID="C317B560-9966-D51D-BDCD-88AB26CAFC35"/>
</indexColumnUsage>
</ind_PK_UK>
<ind_PK_UK id="4F88B4AA-55E6-4037-952B-3C1F322A1A1C" name="membre_cours_Cours_FK">
<createdBy>zayrazz</createdBy>
<createdTime>2023-05-20 21:30:57 UTC</createdTime>
<generatorID>A2D5594A-AE98-EF25-2224-183AC9E21DAD</generatorID>
<ownerDesignName>dataModeler</ownerDesignName>
<indexState>Foreign Key</indexState>
<isSurrogateKey>false</isSurrogateKey>
<indexColumnUsage>
<colUsage columnID="C1918A44-D4A3-EE78-3AA9-D4350A7F403B"/>
</indexColumnUsage>
</ind_PK_UK>
</indexes>
</Table>