<?xml version = '1.0' encoding = 'UTF-8'?>
<Diagram class="oracle.dbtools.crest.swingui.logical.DPVLogical" name="Logical" id="79176B49-FE2F-D95B-47A3-6F5A7901E729">
<createdBy>zayrazz</createdBy>
<modifiedBy>zayrazz</modifiedBy>
<createdTime>2023-05-20 20:55:55 UTC</createdTime>
<autoRoute>false</autoRoute>
<boxInbox>true</boxInbox>
<showLegend>false</showLegend>
<showLabels>true</showLabels>
<showRelAttributes>false</showRelAttributes>
<gridEnabled>false</gridEnabled>
<showGrid>false</showGrid>
<diagramColor>-1</diagramColor>
<display>false</display>
<notation>1</notation>
<objectViews>
<OView class="oracle.dbtools.crest.swingui.logical.TVEntity" oid="52DA6FFC-3954-EBA3-0EB4-B1C9B579821D" otype="Entity" vid="49A7373E-8548-89E1-5963-3DD63897C99B">
<hideElementsInCurrentOnly>false</hideElementsInCurrentOnly>
<bounds x="57" y="73" width="168" height="196"/>
</OView>
<OView class="oracle.dbtools.crest.swingui.logical.TVEntity" oid="AE158996-EA29-2362-B62B-277AF335205F" otype="Entity" vid="74C80A32-33C7-33D3-BAA8-582324936CBC">
<hideElementsInCurrentOnly>false</hideElementsInCurrentOnly>
<bounds x="361" y="453" width="166" height="200"/>
</OView>
<OView class="oracle.dbtools.crest.swingui.logical.TVEntity" oid="BC8AAB20-CF2E-F4B1-AA60-2299C8BC43AF" otype="Entity" vid="4C912FC4-412E-8171-D3FF-E6AEDB8F039B">
<hideElementsInCurrentOnly>false</hideElementsInCurrentOnly>
<bounds x="51" y="452" width="171" height="197"/>
</OView>
<OView class="oracle.dbtools.crest.swingui.logical.TVEntity" oid="C9763EC4-7A4B-9044-4902-DEFE41F5BB81" otype="Entity" vid="6519B5A4-B7A5-5079-A0D6-026D9FA82F8A">
<hideElementsInCurrentOnly>false</hideElementsInCurrentOnly>
<bounds x="549" y="73" width="169" height="198"/>
</OView>
</objectViews>
<connectors>
<Connector class="oracle.dbtools.crest.swingui.logical.TVRelation" oid="A2D5594A-AE98-EF25-2224-183AC9E21DAD" otype="Relation" vid_source="49A7373E-8548-89E1-5963-3DD63897C99B" vid_target="4C912FC4-412E-8171-D3FF-E6AEDB8F039B">
<hideElementsInCurrentOnly>false</hideElementsInCurrentOnly>
<backgroundColor>-16777216</backgroundColor>
<lineWidth>1</lineWidth>
<sourceLabel class="oracle.dbtools.crest.model.design.Label">
<site>0</site>
<labelBounds x="124" y="313" width="55" height="30"/>
<noBackgroundColor>true</noBackgroundColor>
<noForegroundColor>true</noForegroundColor>
</sourceLabel>
<targetLabel class="oracle.dbtools.crest.model.design.Label">
<site>2</site>
<labelBounds x="124" y="416" width="57" height="30"/>
<noBackgroundColor>true</noBackgroundColor>
<noForegroundColor>true</noForegroundColor>
</targetLabel>
<points>
<point x="124" y="269"/>
<point x="124" y="452"/>
</points>
</Connector>
<Connector class="oracle.dbtools.crest.swingui.logical.TVRelation" oid="D4D8DC31-2816-9538-F236-576D21FA8EFA" otype="Relation" vid_source="49A7373E-8548-89E1-5963-3DD63897C99B" vid_target="6519B5A4-B7A5-5079-A0D6-026D9FA82F8A">
<hideElementsInCurrentOnly>false</hideElementsInCurrentOnly>
<backgroundColor>-16777216</backgroundColor>
<lineWidth>1</lineWidth>
<sourceLabel class="oracle.dbtools.crest.model.design.Label">
<site>0</site>
<labelBounds x="235" y="156" width="63" height="30"/>
<noBackgroundColor>true</noBackgroundColor>
<noForegroundColor>true</noForegroundColor>
</sourceLabel>
<targetLabel class="oracle.dbtools.crest.model.design.Label">
<site>2</site>
<labelBounds x="489" y="189" width="54" height="30"/>
<noBackgroundColor>true</noBackgroundColor>
<noForegroundColor>true</noForegroundColor>
</targetLabel>
<points>
<point x="225" y="186"/>
<point x="549" y="186"/>
</points>
</Connector>
<Connector class="oracle.dbtools.crest.swingui.logical.TVRelation" oid="D6EBF48E-D09D-A4BF-7DFF-16310372F204" otype="Relation" vid_source="6519B5A4-B7A5-5079-A0D6-026D9FA82F8A" vid_target="74C80A32-33C7-33D3-BAA8-582324936CBC">
<hideElementsInCurrentOnly>false</hideElementsInCurrentOnly>
<backgroundColor>-16777216</backgroundColor>
<lineWidth>1</lineWidth>
<sourceLabel class="oracle.dbtools.crest.model.design.Label">
<site>0</site>
<labelBounds x="636" y="315" width="60" height="30"/>
<noBackgroundColor>true</noBackgroundColor>
<noForegroundColor>true</noForegroundColor>
</sourceLabel>
<targetLabel class="oracle.dbtools.crest.model.design.Label">
<site>2</site>
<labelBounds x="537" y="556" width="60" height="30"/>
<noBackgroundColor>true</noBackgroundColor>
<noForegroundColor>true</noForegroundColor>
</targetLabel>
<points>
<point x="636" y="271"/>
<point x="636" y="553"/>
<point x="527" y="553"/>
</points>
</Connector>
</connectors>
</Diagram>