<?xml version = '1.0' encoding = 'UTF-8'?>
<relationalModel class="oracle.dbtools.crest.model.design.relational.RelationalDesign" name="Relational_1" id="96C0598D-9C47-4527-612F-F6FCC23D9F41" mainViewID="26F7B013-02A8-4EF9-E175-36BB3E8D79FE">
<createdBy>zayrazz</createdBy>
<createdTime>2023-05-20 21:30:48 UTC</createdTime>
<ownerDesignName>dataModeler</ownerDesignName>
<shouldBeOpen>false</shouldBeOpen>
<selectedRDBMSSite>32076570-2523-435C-2E92-BF29817DFF70</selectedRDBMSSite>
</relationalModel>