<?xml version = '1.0' encoding = 'UTF-8'?>
<Diagram class="oracle.dbtools.crest.swingui.relational.DPVRelational" name="Relational_1" id="26F7B013-02A8-4EF9-E175-36BB3E8D79FE">
<createdBy>zayrazz</createdBy>
<modifiedBy>zayrazz</modifiedBy>
<createdTime>2023-05-20 21:30:48 UTC</createdTime>
<autoRoute>false</autoRoute>
<boxInbox>true</boxInbox>
<showLegend>false</showLegend>
<showLabels>false</showLabels>
<showRelAttributes>false</showRelAttributes>
<gridEnabled>false</gridEnabled>
<showGrid>false</showGrid>
<diagramColor>-1</diagramColor>
<display>false</display>
<notation>1</notation>
<objectViews>
<OView class="oracle.dbtools.crest.swingui.relational.TVTable" oid="00D5CAC4-64FE-AA78-B340-EC3351EC8324" otype="Table" vid="4A7E57C9-EB93-E7C5-5D16-2F74388EF8BF">
<hideElementsInCurrentOnly>false</hideElementsInCurrentOnly>
<bounds x="57" y="73" width="200" height="196"/>
</OView>
<OView class="oracle.dbtools.crest.swingui.relational.TVTable" oid="2D22D0ED-BC15-BE3C-6B7E-C2AC0F1F8855" otype="Table" vid="1141E020-94B9-0F57-3F2B-735A3222DCD6">
<hideElementsInCurrentOnly>false</hideElementsInCurrentOnly>
<bounds x="549" y="73" width="227" height="198"/>
</OView>
<OView class="oracle.dbtools.crest.swingui.relational.TVTable" oid="657F3295-5132-BD5C-746D-A31B1D079A80" otype="Table" vid="4D8D77A6-1F3D-5B00-9064-9D79C93F3D76">
<hideElementsInCurrentOnly>false</hideElementsInCurrentOnly>
<bounds x="51" y="452" width="174" height="197"/>
</OView>
<OView class="oracle.dbtools.crest.swingui.relational.TVTable" oid="92A8416E-9DAC-B3CA-53E4-4C878E7CFB95" otype="Table" vid="67F14C63-C66F-90BB-FADF-84852878F957">
<hideElementsInCurrentOnly>false</hideElementsInCurrentOnly>
<bounds x="54" y="304" width="302" height="110"/>
</OView>
<OView class="oracle.dbtools.crest.swingui.relational.TVTable" oid="EDAC5D06-7C42-7C82-070A-5722B6551D18" otype="Table" vid="520A7F51-7219-BF09-9012-2CC957C708E5">
<hideElementsInCurrentOnly>false</hideElementsInCurrentOnly>
<bounds x="361" y="453" width="166" height="200"/>
</OView>
</objectViews>
<connectors>
<Connector class="oracle.dbtools.crest.swingui.relational.TVFKRelation" oid="1E4F12CE-72DA-F025-DB38-1D47FB284D02" otype="FKIndexAssociation" vid_source="4D8D77A6-1F3D-5B00-9064-9D79C93F3D76" vid_target="67F14C63-C66F-90BB-FADF-84852878F957">
<hideElementsInCurrentOnly>false</hideElementsInCurrentOnly>
<backgroundColor>-16777216</backgroundColor>
<lineWidth>1</lineWidth>
<points>
<point x="139" y="452"/>
<point x="139" y="414"/>
</points>
</Connector>
<Connector class="oracle.dbtools.crest.swingui.relational.TVFKRelation" oid="31F59475-6D51-5855-3B39-EF4741F74799" otype="FKIndexAssociation" vid_source="4A7E57C9-EB93-E7C5-5D16-2F74388EF8BF" vid_target="67F14C63-C66F-90BB-FADF-84852878F957">
<hideElementsInCurrentOnly>false</hideElementsInCurrentOnly>
<backgroundColor>-16777216</backgroundColor>
<lineWidth>1</lineWidth>
<points>
<point x="157" y="269"/>
<point x="157" y="304"/>
</points>
</Connector>
<Connector class="oracle.dbtools.crest.swingui.relational.TVFKRelation" oid="A08B6BBC-F3EE-7684-F688-75AB4EAAF194" otype="FKIndexAssociation" vid_source="520A7F51-7219-BF09-9012-2CC957C708E5" vid_target="1141E020-94B9-0F57-3F2B-735A3222DCD6">
<hideElementsInCurrentOnly>false</hideElementsInCurrentOnly>
<backgroundColor>-16777216</backgroundColor>
<lineWidth>1</lineWidth>
<points>
<point x="527" y="553"/>
<point x="636" y="553"/>
<point x="636" y="271"/>
</points>
</Connector>
<Connector class="oracle.dbtools.crest.swingui.relational.TVFKRelation" oid="F5B3C577-6BFC-A7A4-49B6-F9CEBC2BF2E3" otype="FKIndexAssociation" vid_source="1141E020-94B9-0F57-3F2B-735A3222DCD6" vid_target="4A7E57C9-EB93-E7C5-5D16-2F74388EF8BF">
<hideElementsInCurrentOnly>false</hideElementsInCurrentOnly>
<backgroundColor>-16777216</backgroundColor>
<lineWidth>1</lineWidth>
<points>
<point x="549" y="186"/>
<point x="257" y="186"/>
</points>
</Connector>
</connectors>
</Diagram>