<?xml version = '1.0' encoding = 'UTF-8'?>
<FKIndexAssociation class="oracle.dbtools.crest.model.design.relational.FKIndexAssociation" directorySegmentName="seg_0" id="1E4F12CE-72DA-F025-DB38-1D47FB284D02" containerWithKeyObject="92A8416E-9DAC-B3CA-53E4-4C878E7CFB95" localFKIndex="4F88B4AA-55E6-4037-952B-3C1F322A1A1C" name="membre_cours_Cours_FK">
<createdBy>zayrazz</createdBy>
<createdTime>2023-05-20 21:30:57 UTC</createdTime>
<generatorID>A2D5594A-AE98-EF25-2224-183AC9E21DAD</generatorID>
<ownerDesignName>dataModeler</ownerDesignName>
<referredTableLongName>Cours</referredTableLongName>
<deleteRule>NO ACTION</deleteRule>
<referredTableID>657F3295-5132-BD5C-746D-A31B1D079A80</referredTableID>
<keyObject>9A0F9B70-76E5-12CF-881E-5B19F4C732BE</keyObject>
<referredKeyID>9A0F9B70-76E5-12CF-881E-5B19F4C732BE</referredKeyID>
<mandatory>true</mandatory>
<refColNames>id_cours</refColNames>
<transferable>true</transferable>
<rely>false</rely>
<columnDependencyConstraintGenerateInDDL>true</columnDependencyConstraintGenerateInDDL>
</FKIndexAssociation>