<?xml version = '1.0' encoding = 'UTF-8'?>
<FKIndexAssociation class="oracle.dbtools.crest.model.design.relational.FKIndexAssociation" directorySegmentName="seg_0" id="31F59475-6D51-5855-3B39-EF4741F74799" containerWithKeyObject="92A8416E-9DAC-B3CA-53E4-4C878E7CFB95" localFKIndex="7A189A4B-CDA9-0F1D-EABA-7BA59C0B6677" name="membre_cours_Membre_FK">
<createdBy>zayrazz</createdBy>
<createdTime>2023-05-20 21:30:57 UTC</createdTime>
<generatorID>A2D5594A-AE98-EF25-2224-183AC9E21DAD</generatorID>
<ownerDesignName>dataModeler</ownerDesignName>
<referredTableLongName>Membre</referredTableLongName>
<deleteRule>NO ACTION</deleteRule>
<referredTableID>00D5CAC4-64FE-AA78-B340-EC3351EC8324</referredTableID>
<keyObject>97B30077-5A60-CD62-FC84-BF33D014FC16</keyObject>
<referredKeyID>97B30077-5A60-CD62-FC84-BF33D014FC16</referredKeyID>
<mandatory>true</mandatory>
<refColNames>id_membre</refColNames>
<transferable>true</transferable>
<rely>false</rely>
<columnDependencyConstraintGenerateInDDL>true</columnDependencyConstraintGenerateInDDL>
</FKIndexAssociation>