<?xml version = '1.0' encoding = 'UTF-8'?>
<FKIndexAssociation class="oracle.dbtools.crest.model.design.relational.FKIndexAssociation" directorySegmentName="seg_0" id="A08B6BBC-F3EE-7684-F688-75AB4EAAF194" containerWithKeyObject="2D22D0ED-BC15-BE3C-6B7E-C2AC0F1F8855" localFKIndex="DAE96001-8CF6-9EC8-88D9-AF88526CBBBF" name="Club_Tournoi_FK">
<createdBy>zayrazz</createdBy>
<createdTime>2023-05-20 21:30:57 UTC</createdTime>
<generatorID>D6EBF48E-D09D-A4BF-7DFF-16310372F204</generatorID>
<ownerDesignName>dataModeler</ownerDesignName>
<referredTableLongName>Tournoi</referredTableLongName>
<deleteRule>NO ACTION</deleteRule>
<referredTableID>EDAC5D06-7C42-7C82-070A-5722B6551D18</referredTableID>
<keyObject>1A1CF342-B5BC-1849-AF9F-02AD6A85E8ED</keyObject>
<referredKeyID>1A1CF342-B5BC-1849-AF9F-02AD6A85E8ED</referredKeyID>
<mandatory>false</mandatory>
<refColNames>id_tournoi</refColNames>
<transferable>true</transferable>
<rely>false</rely>
<columnDependencyConstraintGenerateInDDL>true</columnDependencyConstraintGenerateInDDL>
</FKIndexAssociation>