<?xml version = '1.0' encoding = 'UTF-8'?>
<FKIndexAssociation class="oracle.dbtools.crest.model.design.relational.FKIndexAssociation" directorySegmentName="seg_0" id="F5B3C577-6BFC-A7A4-49B6-F9CEBC2BF2E3" containerWithKeyObject="00D5CAC4-64FE-AA78-B340-EC3351EC8324" localFKIndex="50D0DACE-2AB6-3189-3B7C-C159E1BA995C" name="Membre_Club_FK">
<createdBy>zayrazz</createdBy>
<createdTime>2023-05-20 21:30:57 UTC</createdTime>
<generatorID>D4D8DC31-2816-9538-F236-576D21FA8EFA</generatorID>
<ownerDesignName>dataModeler</ownerDesignName>
<referredTableLongName>Club</referredTableLongName>
<deleteRule>NO ACTION</deleteRule>
<referredTableID>2D22D0ED-BC15-BE3C-6B7E-C2AC0F1F8855</referredTableID>
<keyObject>190EDEE6-F0EF-6A73-B774-7AD38A29EA61</keyObject>
<referredKeyID>190EDEE6-F0EF-6A73-B774-7AD38A29EA61</referredKeyID>
<mandatory>false</mandatory>
<refColNames>id_club</refColNames>
<transferable>true</transferable>
<rely>false</rely>
<columnDependencyConstraintGenerateInDDL>true</columnDependencyConstraintGenerateInDDL>
</FKIndexAssociation>