<?xml version = '1.0' encoding = 'UTF-8'?>
<Entity class="oracle.dbtools.crest.model.design.logical.Entity" directorySegmentName="seg_0" id="52DA6FFC-3954-EBA3-0EB4-B1C9B579821D" name="Membre">
<createdBy>zayrazz</createdBy>
<createdTime>2023-05-20 20:56:40 UTC</createdTime>
<ownerDesignName>dataModeler</ownerDesignName>
<engineerTo>
<item key="96C0598D-9C47-4527-612F-F6FCC23D9F41" value="true"/>
</engineerTo>
<adequatelyNormalized>NO</adequatelyNormalized>
<expectedVolumes>0</expectedVolumes>
<fwdEngineeringStrategyName>Single Table</fwdEngineeringStrategyName>
<growthPercent>0</growthPercent>
<growthType>Year</growthType>
<maxVolumes>9999999</maxVolumes>
<minVolumes>0</minVolumes>
<normalForm>Third</normalForm>
<attributes itemClass="oracle.dbtools.crest.model.design.logical.Attribute">
<Attribute name="id_membre" id="5CE14459-3EF0-C5B2-4C14-5705D6B4CDE5">
<createdBy>zayrazz</createdBy>
<createdTime>2023-05-20 20:58:29 UTC</createdTime>
<ownerDesignName>dataModeler</ownerDesignName>
<engineerTo>
<item key="96C0598D-9C47-4527-612F-F6FCC23D9F41" value="true"/>
</engineerTo>
<useDomainConstraints>false</useDomainConstraints>
<use>1</use>
<logicalDatatype>LOGDT019</logicalDatatype>
<ownDataTypeParameters>,,</ownDataTypeParameters>
</Attribute>
<Attribute name="email" id="295F6FF4-D4D0-5E7E-8E25-97FD55BACA69">
<createdBy>zayrazz</createdBy>
<createdTime>2023-05-20 20:59:09 UTC</createdTime>
<ownerDesignName>dataModeler</ownerDesignName>
<engineerTo>
<item key="96C0598D-9C47-4527-612F-F6FCC23D9F41" value="true"/>
</engineerTo>
<useDomainConstraints>false</useDomainConstraints>
<use>1</use>
<logicalDatatype>LOGDT024</logicalDatatype>
<dataTypeSize>256</dataTypeSize>
<ownDataTypeParameters>256,,</ownDataTypeParameters>
</Attribute>
<Attribute name="pseudo" id="8256A60A-F198-ABF4-6984-14EFF89F5317">
<createdBy>zayrazz</createdBy>
<createdTime>2023-05-20 21:07:57 UTC</createdTime>
<ownerDesignName>dataModeler</ownerDesignName>
<engineerTo>
<item key="96C0598D-9C47-4527-612F-F6FCC23D9F41" value="true"/>
</engineerTo>
<useDomainConstraints>false</useDomainConstraints>
<use>1</use>
<logicalDatatype>LOGDT024</logicalDatatype>
<dataTypeSize>100</dataTypeSize>
<ownDataTypeParameters>100,,</ownDataTypeParameters>
</Attribute>
<Attribute name="pointage" id="F359CC8D-C34E-D055-C206-49BAD85042DD">
<createdBy>zayrazz</createdBy>
<createdTime>2023-05-20 21:17:02 UTC</createdTime>
<ownerDesignName>dataModeler</ownerDesignName>
<engineerTo>
<item key="96C0598D-9C47-4527-612F-F6FCC23D9F41" value="true"/>
</engineerTo>
<nullsAllowed>true</nullsAllowed>
<useDomainConstraints>false</useDomainConstraints>
<use>1</use>
<logicalDatatype>LOGDT011</logicalDatatype>
<ownDataTypeParameters>,,</ownDataTypeParameters>
</Attribute>
<Attribute name="id_club" id="991BE3E4-150D-D317-D50D-04A9E83121C3">
<createdBy>zayrazz</createdBy>
<createdTime>2023-05-20 21:27:42 UTC</createdTime>
<generatorID>D4D8DC31-2816-9538-F236-576D21FA8EFA</generatorID>
<ownerDesignName>dataModeler</ownerDesignName>
<engineerTo>
<item key="96C0598D-9C47-4527-612F-F6FCC23D9F41" value="true"/>
</engineerTo>
<nullsAllowed>true</nullsAllowed>
<referedAttribute>BC8C85C1-5687-D779-C3D9-F0B28E51927F</referedAttribute>
<useDomainConstraints>false</useDomainConstraints>
<use>1</use>
<logicalDatatype>LOGDT019</logicalDatatype>
<ownDataTypeParameters>,,</ownDataTypeParameters>
</Attribute>
</attributes>
<identifiers itemClass="oracle.dbtools.crest.model.design.logical.CandidateKey">
<identifier id="E1B82EFF-0447-30FB-2510-666996D9B71B" name="Membre PK">
<createdBy>zayrazz</createdBy>
<createdTime>2023-05-20 20:58:34 UTC</createdTime>
<ownerDesignName>dataModeler</ownerDesignName>
<engineerTo>
<item key="96C0598D-9C47-4527-612F-F6FCC23D9F41" value="true"/>
</engineerTo>
<pk>true</pk>
<usedAttributes>
<attributeRef>5CE14459-3EF0-C5B2-4C14-5705D6B4CDE5</attributeRef>
</usedAttributes>
</identifier>
</identifiers>
</Entity>