<?xml version = '1.0' encoding = 'UTF-8'?>
<Entity class="oracle.dbtools.crest.model.design.logical.Entity" directorySegmentName="seg_0" id="AE158996-EA29-2362-B62B-277AF335205F" name="Tournoi">
<createdBy>zayrazz</createdBy>
<createdTime>2023-05-20 20:57:48 UTC</createdTime>
<ownerDesignName>dataModeler</ownerDesignName>
<engineerTo>
<item key="96C0598D-9C47-4527-612F-F6FCC23D9F41" value="true"/>
</engineerTo>
<adequatelyNormalized>NO</adequatelyNormalized>
<expectedVolumes>0</expectedVolumes>
<fwdEngineeringStrategyName>Single Table</fwdEngineeringStrategyName>
<growthPercent>0</growthPercent>
<growthType>Year</growthType>
<maxVolumes>9999999</maxVolumes>
<minVolumes>0</minVolumes>
<normalForm>Third</normalForm>
<attributes itemClass="oracle.dbtools.crest.model.design.logical.Attribute">
<Attribute name="id_tournoi" id="A5D9B75B-F0D1-0FFC-B5C5-F07ABB07B00C">
<createdBy>zayrazz</createdBy>
<createdTime>2023-05-20 21:01:00 UTC</createdTime>
<ownerDesignName>dataModeler</ownerDesignName>
<engineerTo>
<item key="96C0598D-9C47-4527-612F-F6FCC23D9F41" value="true"/>
</engineerTo>
<useDomainConstraints>false</useDomainConstraints>
<use>1</use>
<logicalDatatype>LOGDT019</logicalDatatype>
<ownDataTypeParameters>,,</ownDataTypeParameters>
</Attribute>
<Attribute name="date_debut" id="54D956A8-914F-5712-1692-E5DF0639A714">
<createdBy>zayrazz</createdBy>
<createdTime>2023-05-20 21:01:20 UTC</createdTime>
<ownerDesignName>dataModeler</ownerDesignName>
<engineerTo>
<item key="96C0598D-9C47-4527-612F-F6FCC23D9F41" value="true"/>
</engineerTo>
<useDomainConstraints>false</useDomainConstraints>
<use>1</use>
<logicalDatatype>LOGDT007</logicalDatatype>
<ownDataTypeParameters>,,</ownDataTypeParameters>
</Attribute>
<Attribute name="date_fin" id="8AC91C7F-8E82-27B1-DAAF-BEBEEEE9D2F0">
<createdBy>zayrazz</createdBy>
<createdTime>2023-05-20 21:01:51 UTC</createdTime>
<ownerDesignName>dataModeler</ownerDesignName>
<engineerTo>
<item key="96C0598D-9C47-4527-612F-F6FCC23D9F41" value="true"/>
</engineerTo>
<useDomainConstraints>false</useDomainConstraints>
<use>1</use>
<logicalDatatype>LOGDT007</logicalDatatype>
<ownDataTypeParameters>,,</ownDataTypeParameters>
</Attribute>
</attributes>
<identifiers itemClass="oracle.dbtools.crest.model.design.logical.CandidateKey">
<identifier id="E52D8124-1788-5D4E-0F20-7E55F2C970C0" name="Tournoi PK">
<createdBy>zayrazz</createdBy>
<createdTime>2023-05-20 21:01:17 UTC</createdTime>
<ownerDesignName>dataModeler</ownerDesignName>
<engineerTo>
<item key="96C0598D-9C47-4527-612F-F6FCC23D9F41" value="true"/>
</engineerTo>
<pk>true</pk>
<usedAttributes>
<attributeRef>A5D9B75B-F0D1-0FFC-B5C5-F07ABB07B00C</attributeRef>
</usedAttributes>
</identifier>
</identifiers>
</Entity>