<?xml version = '1.0' encoding = 'UTF-8'?>
<Entity class="oracle.dbtools.crest.model.design.logical.Entity" directorySegmentName="seg_0" id="C9763EC4-7A4B-9044-4902-DEFE41F5BB81" name="Club">
<createdBy>zayrazz</createdBy>
<createdTime>2023-05-20 20:57:29 UTC</createdTime>
<ownerDesignName>dataModeler</ownerDesignName>
<engineerTo>
<item key="96C0598D-9C47-4527-612F-F6FCC23D9F41" value="true"/>
</engineerTo>
<adequatelyNormalized>NO</adequatelyNormalized>
<expectedVolumes>0</expectedVolumes>
<fwdEngineeringStrategyName>Single Table</fwdEngineeringStrategyName>
<growthPercent>0</growthPercent>
<growthType>Year</growthType>
<maxVolumes>9999999</maxVolumes>
<minVolumes>0</minVolumes>
<normalForm>Third</normalForm>
<attributes itemClass="oracle.dbtools.crest.model.design.logical.Attribute">
<Attribute name="id_club" id="BC8C85C1-5687-D779-C3D9-F0B28E51927F">
<createdBy>zayrazz</createdBy>
<createdTime>2023-05-20 20:59:47 UTC</createdTime>
<ownerDesignName>dataModeler</ownerDesignName>
<engineerTo>
<item key="96C0598D-9C47-4527-612F-F6FCC23D9F41" value="true"/>
</engineerTo>
<useDomainConstraints>false</useDomainConstraints>
<use>1</use>
<logicalDatatype>LOGDT019</logicalDatatype>
<ownDataTypeParameters>,,</ownDataTypeParameters>
</Attribute>
<Attribute name="nom" id="24E6DFF0-54A9-5C85-B94E-6DCCC20233EA">
<createdBy>zayrazz</createdBy>
<createdTime>2023-05-20 21:00:05 UTC</createdTime>
<ownerDesignName>dataModeler</ownerDesignName>
<engineerTo>
<item key="96C0598D-9C47-4527-612F-F6FCC23D9F41" value="true"/>
</engineerTo>
<useDomainConstraints>false</useDomainConstraints>
<use>1</use>
<logicalDatatype>LOGDT024</logicalDatatype>
<dataTypeSize>100</dataTypeSize>
<ownDataTypeParameters>100,,</ownDataTypeParameters>
</Attribute>
<Attribute name="proprietaire" id="885F1884-82F9-5801-A284-5FEFCCA09351">
<createdBy>zayrazz</createdBy>
<createdTime>2023-05-20 21:00:25 UTC</createdTime>
<ownerDesignName>dataModeler</ownerDesignName>
<engineerTo>
<item key="96C0598D-9C47-4527-612F-F6FCC23D9F41" value="true"/>
</engineerTo>
<useDomainConstraints>false</useDomainConstraints>
<use>1</use>
<logicalDatatype>LOGDT024</logicalDatatype>
<dataTypeSize>100</dataTypeSize>
<ownDataTypeParameters>100,,</ownDataTypeParameters>
</Attribute>
<Attribute name="id_tournoi" id="E4D1B845-5DEA-FE61-6836-2663205D834B">
<createdBy>zayrazz</createdBy>
<createdTime>2023-05-20 21:28:39 UTC</createdTime>
<generatorID>D6EBF48E-D09D-A4BF-7DFF-16310372F204</generatorID>
<ownerDesignName>dataModeler</ownerDesignName>
<engineerTo>
<item key="96C0598D-9C47-4527-612F-F6FCC23D9F41" value="true"/>
</engineerTo>
<nullsAllowed>true</nullsAllowed>
<referedAttribute>A5D9B75B-F0D1-0FFC-B5C5-F07ABB07B00C</referedAttribute>
<useDomainConstraints>false</useDomainConstraints>
<use>1</use>
<logicalDatatype>LOGDT019</logicalDatatype>
<ownDataTypeParameters>,,</ownDataTypeParameters>
</Attribute>
</attributes>
<identifiers itemClass="oracle.dbtools.crest.model.design.logical.CandidateKey">
<identifier id="DD138BB9-D966-BC9E-66A7-9B9FB6A33FBB" name="Club PK">
<createdBy>zayrazz</createdBy>
<createdTime>2023-05-20 21:00:00 UTC</createdTime>
<ownerDesignName>dataModeler</ownerDesignName>
<engineerTo>
<item key="96C0598D-9C47-4527-612F-F6FCC23D9F41" value="true"/>
</engineerTo>
<pk>true</pk>
<usedAttributes>
<attributeRef>BC8C85C1-5687-D779-C3D9-F0B28E51927F</attributeRef>
</usedAttributes>
</identifier>
</identifiers>
</Entity>