<?xml version = '1.0' encoding = 'UTF-8'?>
<Relation class="oracle.dbtools.crest.model.design.logical.Relation" name="membre_cours" directorySegmentName="seg_0" id="A2D5594A-AE98-EF25-2224-183AC9E21DAD">
<createdBy>zayrazz</createdBy>
<createdTime>2023-05-20 21:28:58 UTC</createdTime>
<ownerDesignName>dataModeler</ownerDesignName>
<engineerTo>
<item key="96C0598D-9C47-4527-612F-F6FCC23D9F41" value="true"/>
</engineerTo>
<identifying>false</identifying>
<nameOnSource>s&apos;inscrire</nameOnSource>
<nameOnTarget>être suivi</nameOnTarget>
<optionalSource>true</optionalSource>
<optionalTarget>true</optionalTarget>
<sourceCardinality>*</sourceCardinality>
<sourceEntity>52DA6FFC-3954-EBA3-0EB4-B1C9B579821D</sourceEntity>
<targetCardinalityString>*</targetCardinalityString>
<targetEntity>BC8AAB20-CF2E-F4B1-AA60-2299C8BC43AF</targetEntity>
<transferable>true</transferable>
<deleteRule>NO ACTION</deleteRule>
</Relation>