<?xml version = '1.0' encoding = 'UTF-8'?>
<Relation class="oracle.dbtools.crest.model.design.logical.Relation" name="membre_club" directorySegmentName="seg_0" id="D4D8DC31-2816-9538-F236-576D21FA8EFA">
<createdBy>zayrazz</createdBy>
<createdTime>2023-05-20 21:27:11 UTC</createdTime>
<ownerDesignName>dataModeler</ownerDesignName>
<engineerTo>
<item key="96C0598D-9C47-4527-612F-F6FCC23D9F41" value="true"/>
</engineerTo>
<targetPk>DD138BB9-D966-BC9E-66A7-9B9FB6A33FBB</targetPk>
<identifying>false</identifying>
<nameOnSource>appartenir</nameOnSource>
<nameOnTarget>contenir</nameOnTarget>
<optionalSource>true</optionalSource>
<optionalTarget>false</optionalTarget>
<sourceCardinality>*</sourceCardinality>
<sourceEntity>52DA6FFC-3954-EBA3-0EB4-B1C9B579821D</sourceEntity>
<targetCardinalityString>1</targetCardinalityString>
<targetEntity>C9763EC4-7A4B-9044-4902-DEFE41F5BB81</targetEntity>
<transferable>true</transferable>
<deleteRule>NO ACTION</deleteRule>
</Relation>