<?xml version = '1.0' encoding = 'UTF-8'?>
<Relation class="oracle.dbtools.crest.model.design.logical.Relation" name="club_tournoi" directorySegmentName="seg_0" id="D6EBF48E-D09D-A4BF-7DFF-16310372F204">
<createdBy>zayrazz</createdBy>
<createdTime>2023-05-20 21:27:50 UTC</createdTime>
<ownerDesignName>dataModeler</ownerDesignName>
<engineerTo>
<item key="96C0598D-9C47-4527-612F-F6FCC23D9F41" value="true"/>
</engineerTo>
<targetPk>E52D8124-1788-5D4E-0F20-7E55F2C970C0</targetPk>
<identifying>false</identifying>
<nameOnSource>participer</nameOnSource>
<nameOnTarget>regrouper</nameOnTarget>
<optionalSource>true</optionalSource>
<optionalTarget>false</optionalTarget>
<sourceCardinality>*</sourceCardinality>
<sourceEntity>C9763EC4-7A4B-9044-4902-DEFE41F5BB81</sourceEntity>
<targetCardinalityString>1</targetCardinalityString>
<targetEntity>AE158996-EA29-2362-B62B-277AF335205F</targetEntity>
<transferable>true</transferable>
<deleteRule>NO ACTION</deleteRule>
</Relation>